;Classificação Vinicius;Classificação Higor;Comentario
;1;2;Esse tal de Molina é um fanfarrão, diz uma coisa na folha de São Paulo, e agora se contradiz todo, a troco de uma fortuna paga por Temer, cadê o nosso Judiciário, cadê o STF, estamos de olho, viu, viu, viu.
;1;2;Um fanfarrão, mas a globo n mostra o vídeo da palestra.
;2;2;roger galinha defendendo o vampiro... toma vergonha galinha...
;1;4;Existe o advogado do diabo e agora o perito do diabo
;1;5;Esse senhor não merece credibilidade . Saibam que foi demitido da UNICAMP por conduta .......
;2;5;Fiz uma perícia no visual do perito e cheguei a seguinte conclusão : Não da pra acreditar em alguém que usa suspensórios e cinto. 
;2;5;So faltou o charuto!!!! FORA EURICO!!!
;4;5;O SEGREDO  DA  FELICIDADE  E"  NAO  DISCUTIR  COM  IDIOTAS----Proverbio  chines
;3;5;Prepotente e nem tão competente esse perito, haja vista que em outras situações de análise  o mesmo busca para si os holofotes, acho que ele deveria ter estudado arte dramática.
;1;4;Porque o Temer não deu voz de prisão a Joesley Batista??? O cara confessou o que estava supostamente fazendo powww... Perdeu a chance de fazer a justiça...
;1;4;O Brasil têm apenas dois caminhos para escapar da atual crise: Intervenção militar ou monarquia parlamentarista.
;2;2;IMPRESTÁVEL é um pseudo perito comprado com dinheiro de propina!!!!
;2;4;Esse perito é cheio da conversa... fala muito e se acha o machão.
;1;4;O que mais me assusta é julgarem que a gravação ilegal é um crime maior que o conteúdo dela.  É brincar com a inteligencia das pessoas.  Eu mantenho minha teoria "Politico é igual a pedra, só faz peso na terra". Não servem para quase nada. Com absoluta certeza 30 ou 40 técnicos bem selecionados fariam o que todos os deputados e senadores fazem, com metade do esforço e com um custo muito inferior.
;1;2;Pericia comprada , para que ta feio Temer 
;4;5;Já viram algum ator, atriz contratado para fazer propaganda de um determinado comercial dizer que aquele produto não presta? ou que a comida ficou ruim? ou que o carro não é ecônomo?
;2;4;É claro que a gravação é imprestável, é do interesse dele que seja!
;1;4;Reforma politica já!!!
;4;4;-Extinção de partidos
;2;4;-Extinção de partidos-Candidatos somente aqueles sem nenhuma passagem pela polícia e sem processo na justiça-10 senadores - 2 por região geográfica
;2;4;Acrescente, nível superior e doutorado
;2;4;Acrescente a isso as explicações do ministro Henrique JBS Meirelles que a tudo assistiu, faturou horrores e foi figura das mais importantes  no faturamento dos bilhões da família Batista.
;3;4;Esse Molina não é aquele do episódio da bolinha de papel do José Serra do PSDB, que gracinha!
;2;5;Esse Molina é aquele do caso do P C Farias também, estão de  brincadeira!
;2;5;parece até programa de humor. você queria o que?
;2;5;o acusado contrata um especialista e vocês iam querer que ele validasse a prova?  estou rindo até o agora. kkkkk
;2;4;Vergonhoso.....não é atoa que o Molina foi demitido da Unicamp....Ele está querendo invalidar aquilo que o próprio presidente confirmou no pronunciamento que ele fez....Lamentável. O áudio está aí pra todo mundo escutar, e só o fato do presidente receber o Joesley e ter esse nível de conversa com ele já é o suficiente para provar que o presidente compartilhava do esquema.
;2;2;Exatamente. E ainda ouviu que o empresário tinha procurador outros servidores no bolso e nada fez. Não se pronunciou e não denunciou. Só isso já é incompatível com o decoro exigido para o cargo. Impeachment já.
;2;4;Tudo bem que o Ministério Público comete erros infantis, mas esse Ricardo Molina fala o que vc paga ele pra falar. É um palhaço.
;4;5;alguém já viu alguém pago dizer algo que contradiz seu patrão???? nunca...kkk
;2;2;Esse RICARDO MOLINA pertence a QUADRILHA do TEMER. O cara marca encontro com JOESLEY , as 11:00 horas da NOITE no PORÃO do JABURU e esse PERITO INCOMPETENTE comprado pelo TEMER vem dizer que o ÁUDIO está com problema? Me poupe MOLINA. Vá procurar outro trabalho. CADEIA para o TEMER.
;4;5;imprestável é esse Presidente e temos que aceitar, então pq não aceitar a gravação?
;2;5;Um perito de defesa diria ao contrário ?
;3;6;Tem que mandar punir esses gravadores, gravações, e instrumentos de provas. Eles são criminosos e causam danos aos corruptos e à corrupção no Brasil. A culpa é deles, não dos políticos, que são anjos, do mal.
;2;5;Boa, Manoel Miguel....rs rs rs
;3;2;Recebeu qto perito? Kkkkk.. Ate fecha o olho, em certas horas, pra afirmar as babaquices pra confundir a opinião pública..
;2;4;Sera que uma pessoa dessa deita a cabeça no travesseiro e dormi tranquilo...por estar defendendo uma pessoa q a maioria esta vendo o que ele praticou é erradissimo.
;1;5;Que Deus coloque a mão no coração desse homem...chamado Ricardo Molina.
;2;5;No mínimo um milhão é do BNDS mesmo ou seja nosso
;3;5;Que relevância tem o questionamento de uma pessoa que foi contratado pelos advogados do acusado... ele só ta defendendo o que pagaram ele pra fazer!!!!
;1;2;Na  minha  humilde  opinião , deveriam prender  esse  perito e  o Temer  na  mesma  cela .
;2;2;estão  chamando o povo de bobo  na  cara .
;2;5;mas isso deveria ser com advogados tbm, que defende e no fim perdem.
;1;1;Normal, se a defesa não tem provas da inocência do sujeito, vamos partir para desqualificar as provas da acusação. Apenas procedimento padrão.
;3;6;Entendi, acho que ele queria a gravação fosse feita em um estúdio, com microfones especiais e abafadores de ruídos.
;3;1;No que se refere à idoneidade do Temer, não se pode afirmar nada, todavia, a gravação é nitidamente falsa. Ela realmente foi editada, e digo mais, boa parte dela nem foi feita pelo tal aparelho. A análise de frequência aparelho versus gravação irá mostrar isso.
;3;5;iSOL, caso tenha problema de audição, estejas procurando tratamento e não tenhas condições de custear, evite se manifestar.
;4;4;Pra que perícia, se o próprio Temer, com suas declarações e entrevista concedida à Folha, confirmou o teor da conversa gravada, tentando apenas distorcer o real significado do dialogo travado com o empresário? 
;4;2;Concordo plenamente...já confessou
;4;4;Concordo! Ele  falou com o dono da jbs!   o que o temer vai dizer? Que a voz nao era a dele???
;2;2;Essa turma do Temer quanto mais fala mais se enrola...e mais nos enrola... XÔ MICHEL !!!
;3;2;Espere os próximos dias. a Justiça Americana existe e pune com muito rigor os crimes financeiros que motivaram os processos  abertos hoje..
;2;5;Ja tão atras do aécio pra engaiolar!!
;4;6;Jamais confie em um homem que usa suspensório e cinto ao mesmo tempo, afinal nem ele mesmo confia nas calças que veste.
;4;5;KKKKKKKKKKK!!!!!!!
;3;2;É sim, o certo são vocês roubando o pais e nós trabalhadores pagarmos seus luxos!
;6;6;Fiz uma perícia no visual do perito e cheguei a seguinte conclusão : Não da pra acreditar em alguém que usa suspensórios e cinto. 
;2;5;So faltou o charuto!!!! FORA EURICO!!!
;4;5;O SEGREDO  DA  FELICIDADE  E"  NAO  DISCUTIR  COM  IDIOTAS----Proverbio  chines
;4;5;Manda o Áudio original para o FBI Investigar, e saberemos a verdade!!! Ricarno Molina é quem?
;2;5;Ele é o melhor em defender quem tá contratando ele, isso sim né, heheh
;2;5;Gravação de confiança tem nome, FRIBOI.
;4;2;Molina mordeu uma propina gorda pra defender este canalha. Pode acreditar.
;1;2;Uma coisa que muito me intriga são as partes de ruídos, ainda que o Temer seja um dos maiores pilantras do país mas se analisarmos os áudios, são esquisitos e meio fora de contexto. 
;1;2;Sou da mesma opinião.
;5;4;Esse Ricardo Molina é um impostor !! Pagou ele libera o laudo !!
;1;4;Velhos, se o Molina é um impostor, imagina o que seria o Temer e a sua corja. 
;5;5;É o mesmo perito que disse que Serra levou uma bomba na cabeça no no episódio da bolinha de papel de 2010.
;1;5;Quanto esforco do molina pra desacreditar o MPF. 
;1;4;O MPF não tem nada a ver com essa gravação. 
;1;2;Friboi, Seara, Havaianas e Osklen pertecem ao grupo J&F, dono da JBS Boicote geral a todos os produtos dessa empresa de corruptos.
;6;4;O problemas é que os caras, fizeram uma amarração perfeita! O BNDES, tem algo em torno de 30 das ações dessa Empresa! E agora José?
;6;4;Então que o BNDES tome tudo deles. Na hora dos bancos tomarem dos pequenos investidores eles fazem 
;2;4;Eu não entendo o pq de ficar mostrando perícias  não oficial em jornais, espera a porcaria da perícia oficial ser concluida pra dps noticiar powwwww. O Brasil agradece.
;3;2; Fica ainda mais evidente que o Temer esta tentando descaracterizar o que ele sabe que é verdade. Há algum tempo atrás, mais ou menos nas datas que começaram a pagar pelo silêncio do Eduardo Cunha, este mesmo ameaçava abrir a boca e falar tudo o que sabia e envolveria O Temer e outras pessoas ligadas ao atual governo e, de uma hora para outra, o Cunha sumiu do noticiários. Meio estranho o Cunha ter se calado do nada que, inclusive, ameaçava o Temer e outros com a publicação de dois livros que seriam bombásticos. 
;1;4;O inquérito pra investigação já foi aberto Carlos, o que seria analisado na Quarta Feira seria o pedido da defesa de Temer pra suspender o inquérito já aberto.
;1;6;Meu perito diz que minha casa vale 50 milhões e o restante dos peritos diz que vale 50 mil eu acredito em quem ? eahuaehuaehuhaeu
;2;5;Vítor eu vou nos 50 milhões. Detesto gente humilde
;2;2;IMPRESTÁVEL É ESSE PERITO COMPRADO !!!!
;3;3;Não sou partidário de ninguém, e nem contra o progresso do País, apenas sou contra trocar uns bandidos, por outros...
;1;2;Vamo faze uma perícia pra ver quanto o propina, digo...... Molina ganhou pra dizer isso!!!!
;4;5;Seria estranho se o perito contratado pela defesa falasse que a gravação é autêntica e inquestionável, chega a ser patético.
;1;2;Porque a globo não publica nada quando é para falar mau dos dois irmãos bandidos?????????????
;1;4;não é so globo, as outras emissoras tambem, que recebem o nosso dinheiro, que os politicos roubaram,,,,,, 
;2;5;censuraram, o texto que eu escrevi, e é por isso que o povo está no engano ainda
;2;5;É isso ai Molina....TEM QUE MANTER ISSO!!!!
;6;5;Viu!
;6;6;Descoberto onde foi parar a mala. Com 500 mil digo qlq coisa. O cliente tem sempre razão.
;4;5;Desde quando o perito de um suspeito opina alguma coisa ?
;6;2;Paulo Gama, vc é gamado no Temer??? Leve-o para casa e cuide bem dele, pois o Brasil não precisa desse golpista!!!!!
;1;2;Esse Paulo Gama deve ser um vampiro também.....
;6;5;A culpa é da China fabricante do gravador.
;2;2;Os caras roubam bilhões, mas são tão mão de vaca - Friboi - que compram um gravador ndo Paraguai.
;4;5;foi a marisa
;4;4;O PERITO QUE DEFENDEU OS NARDONI FOI CHAMADO PARA DEFENDER O TEMER. NO FINAL A CULPA VAI CAIR NO SEGURANÇA QUE DEIXOU O CAIPIRA ENTRAR SEM PERMISSÃO NO JABURU DO VAMPIRO. 
;1;4;Ele disse na época que a versão da perícia da polícia era sem sentido. 
;1;6;Por 500 mil era Temer até morrer! kkkkkkkkkkkk
;1;2;Nem precisa de gravação. A simples recepção de um bandido às 23 horas é mais do que motivo para defenestrar esse Temer.
;3;5;isssooooo
;3;2;Recebeu na casa dele? Sustentada com os nossos impostos. Eita, quadrúpede....
;4;5;Esse foi o mesmo perito que disse que o PC Farias se matou
;4;5;O no,me do perito é Badan Palhares.
;2;2;acorda povo ,  sai da inercia  , vai pra rua ,quebra tudo sem esta de não estragar ! eles não se preocupam com o dinheiro roubado desde que o deles esteja  na mão
;2;4;Contratado pelo presidente kkkkk óbvio que esse perito vai dizer que o áudio é imprestável! 
;3;6;Amanhã o Molina vai conceder entrevista para provar que o dinheiro da mala era de "banco imobiliário".
;3;5;E era! KKK Essa foi boa!
;5;5;kkkkkkkkkkkkkkkkkkkkkkkkkkkkkkkkkkkkkkkkkkkkkkkk
;1;4;Esse perito não vai falar nada para incriminar o cliente dele, isso é óbvio, é claro, ele está sendo pago para provar que o Temer é inocente, distorcer os fatos falado por esse cara que se diz presidente do Brasil. ESPERAR O QUÊ DESSA PERICIA!
;2;2;PERITO CONTRATADO POR TEMER  Alguém consegue imaginar quanto esse picareta Ricardo Molina recebeu de propina para mentir e tumultuar os crimes do nefasto Temer....Todos pras ruas sem partidos e sem bandeiras, vamos exigir VERGONHA, JÁ QUE ELE NÃO SE TOCA !!!
;2;2;Velho PATIFE e sua corja de PSDBANDIDOS !!
;1;4;Tem alguns comentários que da a entender que não caiu a ficha de muita  gente porque Temer e seus comparsas deram o golpe. Ele mesmo disse ao Joesley que no final de 2018 já estaria livre da Lava Jato. Por isso ele precisa ficar no poder ate la. No final de 2018 a sua casa estará em ordem. Ja a casa  do povo coitado.....só Deus sabe.
;1;3;Só para quem entende de política, Temer ruim com ele, pior sem ele.
;2;2;Ruim com ele e pior ainda se continuar com ele.
;1;2;Chegaremos ao final de 2018 com o povo transformado num proletariado miserável, sub empregos, carestia, atraso, impunidade, corrupção, ou seja, a coisa só vai piorar e vai piorar muito.
;2;5;É isso ai presidento, ELEITO PELOS ESQUERDOSOS, 2018 é B0LS0NAR0!
;2;2;Da forma que vai a casa vai ser desordem. Bandidos, corruptos, salafrários, enfim essa é a nossa política.
;2;4;SE ALGUEM AI QUIZER E' SO PEGAR UMA BAZUCA E EXPLODIR O PALACIO DO PLANALTO
;3;2;ESPERO QUE A PF SAIA COM O TEMER DO PALÁCIO DO PLANALTO ALGEMADO,E DESCENDO A RAMPA,PARA O POVO VER QUE TEMOS JUSTIÇA.  
;4;5;Seria lindo demais !!!
;3;4;O Sr. Temer tá muito confiante que seu governo concluirá até 2018!?  Quem dera,  acredito que não chega nem no fim de 2017.
;1;4;Eu nao queria que chegasse nem ate o fim de junho..
;4;4;Acho que ele já  morreu, o enterro é que está  meio demorado.
;1;1;Eu acredito no Temer, eu acredito nas reformas, vou torcer para que ele continue Governado até o fim do seu mandato. Depois, bom depois ai vamos deixar o pessoal inteligente escolher outro Governante.
;2;2;Depois desse comentario, percebe-se que deixar vc inteligente e impossivel. Caso perdido.
;2;2;bom dia a todos país de otarios... o kra me coloca seu proprio advogado no comando do ministerio da justiça tetando se defender do bombardeio que esta por vir, e o povo ahhh o povo que se fo...
;1;2;amigo, Temer veio do mesmo pote q sua antecessora, mas nao é diferente, ele é tao igual, pelo menos este senhor tentou ajudar a economia, mas tenta desesperadamente "reformar" algo com um congresso sujo ate a alma.
;2;2;Realmente.. Temer eh limpo que nem a tua traseira
;2;2;cadeia nele
;4;5;Urgente !!!
;1;1;Força presidente !!!
;2;2;Força a cadeia te espera
;4;2;Mais um sadomasoquista, aff!
;2;2;Canalha a cadeia é pouco pra vc presidente de bosta .
;4;5;Pouquíssimo , José.
;2;2;se continuar com essa impunidade, chegaremos sim no final, digo no fundo do poço em 2018, somos frouxos, medrosos, covardes, estamos assistindo os bandidos zombarem de uma nação inteira e não tomamos atitudes! até o exército está calado! até quando!
;4;5;Tiririca. Pior que está não fica!!!
;3;2;Eu creio que até 2018,  este sr frio já tenha sido expulso de " casa "!
;3;4;Duvido plenamente nessa crendice de que chegará em 2018. Pode até chegar mais longe da presidência.
;2;2;Tomara que morra antes...
;2;2;Rodrigo Maia fala em país sério... E o Brasil é, por acaso, um país sério? Não. Obviamente que não! É um país com problemas sérios e uma cambada de farsantes fingindo que trabalham para solucioná-los. Na verdade, tentam roubar o máximo que conseguirem enquanto atendem as vontades de seus senhores, os patrocinadores de suas candidaturas.
;1;4;Quem pegar a locomotiva em 2018, encontrará um Brasil crescente e seguindo nos trilhos.
;2;2;FORA TEMER  !!!!!!!
;4;5;QUANTAS MALAS DE DINHEIRO ATÉ 2018,PARA A TROCA DO REAL PARA CRUZEIRO.
;4;2;Temerario é ver O MERCADO blindando o Temer
;2;2;Só se você estiver na cadeia presidente!!
;4;5;KKKKKKKKKKKKK
;1;4;QUE O STF QUEBRE O SIGILO DO TEMER E DO AÉCIO.
;2;2;Espero que dia 06 você seja cassado! Não merece permanecer no cargo de Presidente!
;2;2;Idoso canastrão, cleptomaníaco e mentiroso.
;4;4;Já passamos do fundo poço. O que nos aguarda é o desconhecido.
;4;5;Buraco negro
;2;2;bom dia a todos país de otarios... o kra me coloca seu proprio advogado no comando do ministerio da justiça tetando se defender do bombardeio que esta por vir, e o povo ahhh o povo que se fo...
;2;2;amigo, Temer veio do mesmo pote q sua antecessora, mas nao é diferente, ele é tao igual, pelo menos este senhor tentou ajudar a economia, mas tenta desesperadamente "reformar" algo com um congresso sujo ate a alma.
;2;2;Realmente.. Temer eh limpo que nem a tua traseira
;2;2;O Brasil não pode mais deixar esses B AN DI DOS da MAÇONARIA no poder!
;4;5;Já coxinhas maçônicas so' saem com fórceps.
;2;2;vc quer os bandidos da universal?  
;1;2;EM QUALQUER LUGAR DO MUNDO O TEMER JÁ TERIA CAÍDO . MAS NO PAÍS DO FAZ DE CONTA  ...
;1;4;Num país sério, nem deputado seria.
;1;4;Não só ele! Todos eles!
;2;2;Dia 06 é dia de fora temer !
;2;2;O pipoqueiro se acha empresário...... kkkkkkkkkkk
;1;4;Se o cara faltar do trabalho, nada mais justo que descontar do salário dele, mas todos tem o direito de militar para quem e para o que quiser... Demitir alguém por causa disso é só falta de ética mesmo
;2;2;Fora Temer, diretas já ...
;1;4;Marcos, já tivemos a oportunidade em 2014, agora temos que seguir a constituição e aguardar ano que vem para novas eleições. Para de querer contornar isso, vocês querem o Lul4, só isso. Famoso "pai dos pobres".
;1;4;Desde de quando..os tres poderes respeitam a Contituiçao,nesse Brasil,a constituiçao,sempre sofre com emendas,projeto de leis,em detrimento deles,nao do povo.Nao,lembram dos juizes,que rasgaram a costituiçao,para ganharem acima do teto do stf,50 e 100 mil!
;1;4;Claro que não será, colocando um ministro da justiça para atrapalhar as investigações contra ele e um ministro do STF sendo manipulado, assim, até Fernandinho Beira Mar.
;5;2;É melhor do sair aí falando que vai ensacar o vento !!!!!
;2;2;Espero que no fim de 2018 vc esteja preso!
;2;5;KKKKKKKKKKKKKKKK , esse tem que trabalhar em circo mesmo 
;4;5;Digo o Temer 
;2;2;SE ALGUEM AI QUIZER E' SO PEGAR UMA BAZUCA E EXPLODIR O PALACIO DO PLANALTO
;3;2;ESPERO QUE A PF SAIA COM O TEMER DO PALÁCIO DO PLANALTO ALGEMADO,E DESCENDO A RAMPA,PARA O POVO VER QUE TEMOS JUSTIÇA.  
;4;5;Seria lindo demais !!!
;2;2;Temer, você vai chegar em 2018 vendo o sol nascendo quadrado!!!!! 
;3;4;Menos Manuel ele é parlamentar aqui é Brasil e não Coreia do Sul 
;3;4;É o desejo de todos, mas ele chegará em 2018 com no MÁXIMO uma tornozeleira, no máximo. Pq eu acredito que chegará livre, leve e milionário.
;2;2;FORA GOLPISTAS! DIRETAS - JÁ
;5;2;Diretas Já só depois que o Papai Smurf for pro xilindró ou tornar-se inelegível.
;1;1;Fica Temer!!
;2;2;esse temer é um moleque ,, vc é moleque temer vc é moleque .. fanfarrão desgraçado.
;3;4;governantes que não pensa no povo, aliás só duas vezes  a cada quatro anos.....por isso só voto nulo ...ninguém me representa.
;2;2;TEMER não é  moleque, ele é  um Genocida, acabando com nossos direitos pra beneficiar Empresários CORRUPTOS. 
;2;2;Seu Golpista Ladrão voce não quer largar o osso né?Ainda quer roubar mais?
;2;2;//votei na chapa que ele fazia parte, mas nao fui pra rua, para colocar ele no poder, sem razao alguma. golpista//
;2;5;ela é retardada....!!!!! VOTOU NO AÉCIO
;2;4;é mais que provável que esta imundice não vai largar o osso e renunciar, então cabe ao povo botar esse crápula pra fora do palácio onde ele acha que é a casa dele!!!
;2;4;Sabe qual é saída do Brasil tupiniquim? o Aeroporto!
;3;2;Os políticos tinham um acordo entre eles '' aquele que roubar mais que o outro será deletado''.
;4;5;Alessandro, menos vai!
;3;2;Hoje infelizmente o presidente Temer perdeu legitimidade para governar esse Brasil. O melhor para o Brasil é Temer renunciar e deixar que as regras constitucionais escolham um presidente para terminar esse mandato presidencial. 
;1;5;casa em ordem  em que pais isso vai acontecer  
;2;2;A suaa casa e mordem né LADRÃO?
;3;2;O Sr. Temer tá muito confiante que seu governo concluirá até 2018!?  Quem dera,  acredito que não chega nem no fim de 2017.
;2;2;Eu nao queria que chegasse nem ate o fim de junho..
;2;2;Acho que ele já  morreu, o enterro é que está  meio demorado.
;2;2;se continuar com essa impunidade, chegaremos sim no final, digo no fundo do poço em 2018, somos frouxos, medrosos, covardes, estamos assistindo os bandidos zombarem de uma nação inteira e não tomamos atitudes! até o exército está calado! até quando!
;4;5;Tiririca. Pior que está não fica!!!
;1;2;Eu creio que até 2018,  este sr frio já tenha sido expulso de " casa "!
;2;4;É inacreditável o que ocorre no Brasil. O presidente da república minando a operação lava jato. Em qualquer país serio já estaria preso.
;2;4; País Sério, disse  tudo, o BRASIL  é  uma PIADA,  se tratando de POLÍTICA.
;2;4;primeiro a gente tira a Dima...kkkkkk
;1;4;Sr. Presidente: com a sua presença ou não, chegou-se a conclusão que o nosso povo, em sua grande maioria, não depende de políticos, principalmente dos atuais, com raríssimas exceções, pouquíssimas em verdade. O que importa, hoje, é conscientemente, constatarmos que estamos prontos para o enfrentamento de todos as dificuldades. A prova disso são os 14 milhões de desempregados com todas as dificuldades imagináveis, superando-se nas condições de um país, infelizmente comandado por gente de sua LAIA,  que desmorona qualquer capacidade intuitiva.  
;3;4;O que é de impressionar é que,enchem a boca pra falar que eles é que estão tirando o país dessa pior,mas na verdade é o próprio povo.
;3;2;Vê se aprendam a votar pra Senador e deputado tbém. Fora PSDB, PMDB, dem , PPS, PP, PR... o povo tá vendo tudo e vcs vão ter o troco em 2018. Nos aguardem...
;3;5;Denis, não vemos corrupção em um só partido. Estamos vendo isso em TODOS. Mas diferente de vocês, não somos burros e cegos de não enxergar.
;4;2;e assumir..
;2;2;Fora Temer. Diretas já Brasil...
;2;4;Não estou falando disso, Lucia. Eu sei muito bem o que é PEC. Chamei de burros por eles acharem que a Dilm4 não cometeu crime nenhum.
;4;4;E chamar de presidentA.
;2;4;Não querendo ser pessimista mas já sendo, NÃO ESTOU VENDO NADA MUDAR NA ECONOMIA, SÓ PIORANDO.
;2;4;Empresas estão demitindo funcionários antigos com salários altos e contratando desempregados com salários de fome, sem falar no acúmulo de funções, onde trabalhava 6 hoje trabalham 4 ou 3, tamo é ferradoo.
;2;4;Ué... é apenas sua obrigação... Deveria falar: VOU CHEGAR AO FINAL SEM ROUBAR, SEM PERMITIR QUE ROUBEM,  E VOU PUNIR TODOS QUE ROUBAREM... ai sim...
;4;4;Ai ele se puniria tbm ! kkkkk
;2;2;Canalha a cadeia é pouco pra vc presidente de bosta .
;2;5;Pouquíssimo , José.
;1;4;Isto que é certeza da impunidade.
;2;4;AGLOBOQUERIATANDOESSELADRÃONOPODER..PORQUE????HUMMMEAGORASANTINHA...
;2;4;Migué  teme a policia federal
;2;2;fora temer
;1;2;Diretas já , divulguem os nomes e votos dos senadores ! 
;1;4;Vamos ficar de olho em mais essa armação.
;4;4;Segura essa ai espertão.
;1;2;Seletividade, justiça não julga crime, julga pessoas e partidos.
;2;4;G1ENFIEMOSCOMENTÁRIONASUABUNDA...FACISTASCOVARDES...
;1;4;Não dá pra continuar alimentando o mesmos sistema de governo e os mesmos agentes políticos. Procurem na internet e ajudem a compartilhar no zap o abaixo-assinado "Nova Constituição Anticorrupção com Democracia Direta Digital"
;1;4;O Brasil chega na linha de saturação da ma Governabilidade em todo o Pais se faz necessário a intervenção das Instituições das Forças Armadas para que possam reorganizar as instituições Politicas e Judiciarias e suas leis na  Ordem e no Progresso do Brasil
;2;2;O minimo que os batedores de panelas poderiam fazer para pedir desculpa pela defecada na democracia era enfiar o cabo da panela na rosca do dracula
;3;4;Quando ainda hover da classe Politica praticas desonestas com o dinheiro Publico facilitando Empresas fraudulentas em exerci-os haverá dificuldade de investidores  no Pais. 
;3;4; A historia se encarregara de que sejam desmascarados todos os inimigos da nação.
;2;4;E nós povão, temos direito a que mesmo?
;1;4;A justiça deve fazer uma limpeza no congresso nacional,retirar os suspeitos e colocarem os suplentes,só aí possa ser que melhore um pouco a situação do nosso Brasil.
;3;4;QUE FIM LEVOU. Jardim de infancia, grupo escolar, ginasio, colegio,  universidade, escolha do curso, a formatura, a festa comida as pampas e bebidas, o conjunto musical e as musicas da epoca, o primeiro emprego, o segundo emprego atraves do concurso publico, atraçao pela politica. e uma folha com perguntas feita pela policia federal, policia federal?
;1;5;VERDADE !!!
;2;4;DOIDIVANA QUE ME CALUNIA/ NAO SABE A AGONIA/ QUE PASSO E PASSEI/ TU ES DOIDA ES DOIDA VARRIDA/ E EU SEGUINDO NA VIDA/ COM ESTE QUESTIONARIO DA POLICIA/ ME ESTREPEI
;2;4;Acho que o STF deveria sofrer devassa!   Estão sabotando o País!   Jamais vai ter político honesto e jamais terá funcionário público que vista a camisa do patrão!  
;2;2;Esse canalha ainda vai rir da cara do oovo, q não faz por onde tirá-lo, dizendo q sempre esteve certo. Aí vai ser tarde demais pra correr atrás 
;2;2;Isso mesmo Sr presidente canalha! Se peitar o oovo vc acaba vencendo!!
;2;2;O presidente que temos (ou não) estar perdido. 
;2;2;Com B0LS0NAR02018 estes problemas ficarão no passado e o país poderá enfim voltar a crescer e melhorar!
;4;5;Quem o Tiririca!
;1;4;Precisamos de uma solução AGORA não em 2018!!! 
;2;2;PRESIDENTE, MALANDRO DEMAIS SE ATRAPALHA !
;2;4;Renuncia é mais Digno.'Impeachment já".
;1;4;Eu fico pensando e não consigo entender, o quê que o Sr. José Sarney, Dona Marta Suplicy, Fernando Henrique e tantos outros, estão fazendo enfiado lá nas repartições do governo? aposto que não é para ajudar.
;2;5;Geraldo , Sabe o que é Carniça não sabe , é isso que acontece , estão igual a URUBUS - Só esperando a carniça ser Liberada para eles fazerem o Banquete.
;2;4;Tentando uma vaguinha pra mamar ...
;1;4;Os advogados precisam de mais tempo, para arquitetar mentiras justificáveis no andamento do processo. Esse é o presidente que mais tentou encobrir erros com cortina de fumaça. Só tem um problema, a cortina de fumaça sai com o tempo.
;2;4;Impressionante a blindagem que tem um presidente da república do bananazil. Parece aqueles faraós que ninguém sequer podia olhar no rosto. Está acima do bem e do mal, intocável, por mais que sejam evidentes seus desvios e sua conivência com a corrupção.
;3;4;Mais impressionante Flávio, é ver a briga partidária entre os eleitores, enquanto o Brasil e os próprios afundam junto. Inacreditável!!! 
;3;2;Pois é Augusto , e por essas e outras que o CCJ aprovou diretas já para que o Filho do Brasil retorne...isso não e maravilhoso ?
;2;2;Deixou o Temer com as calças na mão, cagado...Se responder a verdade se compromete se não diz nada se enrola, mas, vai teimar até o fim...Principalmente se o 'pessoal' continuar nessa passividade...XÔ MICHEL JÁ!!!
;4;5;Papa, vc é crente e não pode jurar...
;3;4;Esse é o problema da democracia a maioria sempre vence, e a maioria é sempre pobre
;4;5;Pizza
;4;5;Edvaldo , e estragada 
;2;5;Aew A CPI do B N D E S começou!!! Foram 1.3 B I L H O E S PARA A   T E S E C I S durante os governos do P/T!! Vamos ver qual sera sua defesa para o seu ParTido sua Mavezinha PeTralhinha!!! 
;2;2;TEMER SÓ TEM UM DIREITO.....DE CAIR FORA!!!
;1;5;O cara só esta laskando com o pobre , popularidade dele é zero 100% de rejeição 
;2;5;Interrogatório por escrito! Esse é sinico e cara de concreto
;2;4;Onde já seu viu Senhores, um Presidente da Republica continuar presidindo, tendo que responder a um interrogatório? é indigno perante qualquer justiça desejada tal situação.
;2;4;Eh o fim da rosca mesmo...Presidente do Brasil sendo investigado pela P.F. em seu próprio território.
;2;4;O Temeroso vai exercer o direito de ficar calado, pois não tem nada que presta pra falar. Fora ladrão golpista!
;2;2;Tenho NOJO deste suposto presidente.
;2;4;A agenda do presidente é cheia, não pode perder tempo dando depoimento, mas na calada da noite ele pode arrumar um tempinho.
;2;2;Se ele decidir por não responder, então ele estará declarando que é de fato, CULPADO!
;2;2;QUE FIM LEVOU. Jardim de infancia, grupo escolar, ginasio, colegio,  universidade, escolha do curso, a formatura, a festa comida as pampas e bebidas, o conjunto musical e as musicas da epoca, o primeiro emprego, o segundo emprego atraves do concurso publico, atraçao pela politica. e uma folha com perguntas feita pela policia federal, policia federal?
;4;5;VERDADE !!!
;2;4;DOIDIVANA QUE ME CALUNIA/ NAO SABE A AGONIA/ QUE PASSO E PASSEI/ TU ES DOIDA ES DOIDA VARRIDA/ E EU SEGUINDO NA VIDA/ COM ESTE QUESTIONARIO DA POLICIA/ ME ESTREPEI
;2;2;Esse temer deveria lavar essa cara imunda. Ladrão.
;2;2;Velho ladrão. Aliás, nesse país, o que mais tem é velho ladrão. 
;3;1;Vcs certamente nao ouviram o audio. Sao frustrados com o gorpi. Nao passa de um empresario tentando se livrar e incriminar o presidente
;2;4;Esse pylhantria que assaltou o poder, em um ano, está fazendo a maior destruição de direitos e do patrimônio nacional que nem o senil fhacê fez. Toda dia tem medida provisória no congresso que o povo nem sabe o que está acontecendo, fazendo estragos em todos os setores beneficiando os poderosos. Agora a pouco acabaram de aprovar no senado a regularização de todas as grilagens de terras no Brasil principalmente na Amazônia abrindo caminho para investidores estrangeiros comprarem nossas florestas.....Quem não acredita pesquise!
;4;5;Keep calm até a posse do Jair em 2019.
;2;4;ele trabalha para os ricos  e mais engraçado é que é o povo que banca este país é a gente paga o salário dele 
;2;2;Bando de nojentos
;2;4;Pode até não responder, lembrando-se, entretanto, do velho ditado popular: "quem cala, consente"!
;2;2;Presidente quadrilheiro, uma vergonha esses políticos do nosso país, e o STF que não apita nada, vergonhoso!!
;2;4;O CACIQ DAI E O TEMER QUEM TA MANDAND E DESMNDANDO E ELE E ACABOU  O STF E SO UM LOB
;3;4;Impressionante a blindagem que tem um presidente da república do bananazil. Parece aqueles faraós que ninguém sequer podia olhar no rosto. Está acima do bem e do mal, intocável, por mais que sejam evidentes seus desvios e sua conivência com a corrupção.
;3;2;Mais impressionante Flávio, é ver a briga partidária entre os eleitores, enquanto o Brasil e os próprios afundam junto. Inacreditável!!! 
;3;4;Pois é Augusto , e por essas e outras que o CCJ aprovou diretas já para que o Filho do Brasil retorne...isso não e maravilhoso ?
;2;2;Vai responder o que lhe interessar, mentir por escrito vai ser moleza para o vampiro.
;2;5;Vai ser moleza porque ele vai fazer tudo em forma de poesia
;2;5;Esse é o Líder supremo dos servos do mbl..calem a suas bocas é vão trabalhar 
;2;2;Esse bandido na já deveria está era preso junto com Aécio .
;2;2;E o MBL pedindo ele na prisão... explica essa mortadeloso. 
;3;4;Prefeito Doria foi feliz quando diz que viciado em drogas não querem se internar, por isso é necessário a internação compulsoriamente.... Tbm acho que político viciado em roubar não querem ser preso, dessa maneira é necessário a prisão compulsoriamente.
;2;4;'Primeiramente' acabe com o STF 'segundamente' acabe com o STF 'terceiramente' acabe com o STF... 
;2;2;Fora STF
;2;2;Aproveita e acaba com Executivo e o Legislativo também. É inacreditável a injustiça nesse país. O "presidente" é criminoso comprovado e o STFdp não faz nada. Todos corrompidos!
;2;5;QUE DEUS DÊ A TEMER E SEUS FILHOS EM DOBRO TUDO O QUE TEM FEITO PELOS POBRES.   
;4;5;DEUS TE OUÇA!!!
;2;5;Bastava dar igual......Queria ver o futuro do Michelzinho e sua babá de 14.000 reais paga pelo povo!
;2;2;Temer tem que ser preso urgentemente . mito 2018
;2;2;ESSE PRESIDENTE CANALHA PERGUNTE PARA ELE SE NÃO DESEJA UM CHUPETA MOLHADA NO MEL
;4;2;SE ELE É O DRÁCULA?
;4;5;'VOÇÊZ' duas votaram nele...
;2;2;Somos governados por ladrões!
;4;5;Não precisa responder kkkkkkkk nem precisa, já é um fato consumado kkkkkk
;2;2;O vice presidente de um governo que provocou a maior quebrança da história do país era para ter sido deposto junto.
;2;2;PRESIDENTE LADRÃO É O QUE NOS TEMOS
;3;2;Se o Temer nada deve, porque essa tropa de choque que manter o deputado suplente Loures em fôro privilegiado. Se o presidente não deve nada, o amigo Loures não teria nada para contar em uma possível deleção premiada. Ele recebe um bandido altas horas da noite na sua residência oficial, sem registro, se compromete até à alma e agora quer perícia especial nas gravações? O Molina que o diga o quanto ganhou para falar todas aquelas asneiras durante aquela  coletiva que sepultou a sua carreira!
;2;4;Poise ,porque o Temer ta com medo de responder as pergunta do audio...
;2;4;A" tropa de choque" do Presidente Temer é BEM menor do que as caravanas que se deslocam rumo a Curitiba quando o Prizidenti malandro vai depor e, mente descaradamente.
;2;4;A GRAVAÇÃO É O DETALHE QUE MENOS IMPORTA AGORA. .. A PF, DEVE FAZER IMEDIATAMENTE OS QUESTIONAMENTOS, BASEADOS NO DEPOIMENTO OFICIAL DE TEMER, NELE, ELE CONFIRMA A GRAVAÇÃO,  O INTERLOCUTOR, O DIA, A HORA, A FORMA, OS MEIOS, O CONTEXTO E, PRINCIPALMENTE, A OMISSÃO DIANTE DAS CONFISSÕES DOS CRIMES. . NUM PAÍS SÉRIO JÁ ESTARIA NA RUA.
;2;2;A justiça no brasil é muito lenta, e há muitas brechas para os poderosos não serem condenados.  Precisamos unir a nação em uma conscientização nacional para nas próximas eleições não eleger nenhum desses políticos que estão atualmente no poder em todas as esferas políticas. Se fossem sérios estariam pressionando a saída de um presidente notadamente envolvido com a corrupção.
;1;4;Pauloverdade o  Mantenha isso, viu É praticamente igual ao Então tá, Acontece que dependendo do MEIO social e principalmente O Meio Intelectual  as Palavras/ Maneirismo, se modificam. Tipo O Presidente e U Priszdenti. Diferenças existem!
;1;5;TEMER ficará SIMMM até 2018.!. . Depois, DÓRIA será presidente até 2026 .!. . Somente com um presidente PAULISTA, o Brasil irá crescer..!!
;1;2;Já leu os projetes que ele aprovou? já viu quantas vezes ele faltou em seu trabalho? hmmm então Bruno vamos procurar pelo menos ter conhecimento antes de falar asneira jovem... mas eu te entendo ,também julguei ele assim antes de conhecer o que ele realmente faz.
;1;4;Agora SIMMMMM, teremos um ministro da justiça IMPARCIAL. .!!
;2;2;Qal medo tem de ser interrogado quando se é inocente? 
;2;2;Este senhor é muito sujo e sem moral para governar nosso país 
;2;2;Que vergonha! compromisso com a verdade, somente depois da perícia?
;2;2;Você, Temer, deveria ter vergonha de se olhar no espelho, é uma vergonha para sua família e seu filho que vai crescer e conhecer a história do Brasil e ver o canalha que foi o pai dele, talvez até se mate, mas tente ser pelo menos um pouquinho digno e renuncie para o bem do Brasil.
;2;4;se matar? o menino está bilionário, com dinheiro dos tro-u-xas
;2;2;Então o procurador advogado faz parte da organização comandada por temer, por isso janot pediu sua prisão.
;2;4;Só no Brasil bandido escolhe quando e o que vai responder em um interrogatório. 
;2;2;Bandido poderoso, porque, pé de chinelo se bobear, ainda leva uma surra.
;4;5;Fato.
;2;2;Impeachment já Urgente.Temer na Cadeia .
;2;6;Quem votou nele foram vocês, fica a dica
;3;2;Para com isso, todos sabem que os  áudios são originais e está querendo ganhar tempo.
;1;2;Parece que os advogados dão ordens a quem está investigando. Um absurdo.
;4;4;O sr.esta numa sinuca de bico.
;4;4;Todos estão apavorados.
;2;2;Michel Temer asfixia financeiramente a Lava Jato, tenta garantir foro privilegiado a Rocha Loures, o seu homem da mala, faz chicana para evitar depor sobre a sua relação subterrânea com Joesley Batista -- que afirma ter comprado o silêncio de Eduardo Cunha --, nomeia um ministro da Justiça para ser o seu advogado de defesa informal e, agora, manda esse mesmo ministro trocar a direção da PF.
;2;4;O presidente da República sente-se livre para obstruir a Justiça diante de uma nação inerte.
;4;5;É impressionante.
;3;5;Novamente o globo é parcial e afirma em manchete o que não esta dito nas gravaçoes. Que vergonha globo. Estas perdendo a credibilidade.
;3;5;SE ALGUÉM ME ACUSA DE ALGUMA COISA, QUE NÃO FIZ, EU IRIA IMPLORAR PARA QUE ME OUVISSEM.   .  EU NÃO ESTOU ENTENDENDO MAIS NADA!
;2;6;Medo de que presidente? quem não deve não teme
;2;2;Fora Temer, o mercado já dá sinais de cansaço, o povo não te aguenta desde o dia que assumiu, e os crimes dos que compõe o seu governo não autoriza nem a reforma de uma apartamento. Triste.
;2;2;Se não existissem petralhas estaria tc neste momento, diretas já!
;2;4;A culpa é do próprio  S T F  . Não se dar o respeito , qualque criminoso acha no direito de escolher as pergunta que irá responder !
;2;2;Silvio se acha manda ele    t     o      m   a   r  no    c    u   e vai você  tbm  ! 
;2;2;E enquanto este l o x o continua se amarrando na  cadeira de   presidente.  O Brasil contínua aí para o buraco. E os inúteis que deveriam tira lo de lá  estão tentando obstruir a lava jato !
;2;4;Se deixar por conta, vai acabar dando uma de Groucho Marx :  vai mandar um questionário para o STF responder, em 12 horas...
;3;2;Com esta iniciativa do Temer, ele mostra que está nitidamente com medo de outras partes que ele conversou com Joesley  e que ainda não apareceram. Ele deve estar pensando será que ele gravou tudo! Talvez a polícia só divulgou a parte que vazou e está esperando o momento certo para soltar a bomba total. Deus ajude estes policiais e os Juízes que estão querendo por o Brasil a limpo. E que Deus ajude para que estes corruptos sejam presos o mais breve possível. O povo não aguenta mais ouvir tanta manobra... Prisão para todos já
;3;4;Se o áudio foi manipulado por que ele não vem a público e nos diz o que foi cortado.  Se é mentira, por que ele não vem a público é diz o por que de ter ouvido o cara falar que tinha procuradores e juízes na mão dele e  não deu voz de prisão ao cara. Explique por que foi conivente.
;4;6;TEMER, quem não deve não teme.
;2;2;Este Temer é muito sujo e astuto.....sem moral para governar 
;2;2;Por incrícel q parece este drácula só esta por medo de alguns ficarem sem o BOLSA FAMÍLIA! Fora: Tremer!!! Fora: Lwla!!! Fora: Arécio!!! Fora: Tremer!!!
;1;1;TEMER ficará SIMMM até 2018.!. . Depois, DÓRIA será presidente até 2026 .!. . Somente com um presidente PAULISTA, o Brasil irá crescer..!!
;1;2;Já leu os projetes que ele aprovou? já viu quantas vezes ele faltou em seu trabalho? hmmm então Bruno vamos procurar pelo menos ter conhecimento antes de falar asneira jovem... mas eu te entendo ,também julguei ele assim antes de conhecer o que ele realmente faz.
;1;4;Agora SIMMMMM, teremos um ministro da justiça IMPARCIAL. .!!
;2;4;Temer só não caiu ainda, por estarmos assombrados com a possibilidade de volta dos petralhas...
;2;4;Se a pátria é nossa fosse verdade... Não teríamos 14 milhões de desempregos.  Então viva os movimentos... Em especial vem pra rua. 
;3;4;Novidade, a defesa (réu) é que determina as perguntas que deverão ser feitas, é isto mesmo, ajuda aí. 
;2;4;E porquê ele quer isso? Obviamente, ele quer saber no que pode mentir sem cair em contradição posteriormente, e no que não pode.
;2;4;Pois é Ô das Portas, concordo! Pena que você não pense assim quando se trata dos corruptos do PaTê!
;4;5;2018 vem ai.
;3;4;A GRAVAÇÃO É O DETALHE QUE MENOS IMPORTA AGORA. .. A PF, DEVE FAZER IMEDIATAMENTE OS QUESTIONAMENTOS, BASEADOS NO DEPOIMENTO OFICIAL DE TEMER, NELE, ELE CONFIRMA A GRAVAÇÃO,  O INTERLOCUTOR, O DIA, A HORA, A FORMA, OS MEIOS, O CONTEXTO E, PRINCIPALMENTE, A OMISSÃO DIANTE DAS CONFISSÕES DOS CRIMES. . NUM PAÍS SÉRIO JÁ ESTARIA NA RUA.
;2;4;A justiça no brasil é muito lenta, e há muitas brechas para os poderosos não serem condenados.  Precisamos unir a nação em uma conscientização nacional para nas próximas eleições não eleger nenhum desses políticos que estão atualmente no poder em todas as esferas políticas. Se fossem sérios estariam pressionando a saída de um presidente notadamente envolvido com a corrupção.
;2;4;Pauloverdade o  Mantenha isso, viu É praticamente igual ao Então tá, Acontece que dependendo do MEIO social e principalmente O Meio Intelectual  as Palavras/ Maneirismo, se modificam. Tipo O Presidente e U Priszdenti. Diferenças existem!
;2;2;Postergar, postergar, postergar, esse é o lema desse rato. Vai ser assim também no julgamento do TSE. Essa praga só sai no tapa...ou no chute, ou numa urna funerária!!!
;2;2;//  Dedé  a  ultima  opção  pega  bem  pra  ele  e  os  comparsas  dele  //          
;4;6;E daquelas bem fuleiras feitas de papelão...
;3;4;A culpa é do próprio  S T F  . Não se dar o respeito , qualque criminoso acha no direito de escolher as pergunta que irá responder !
;2;2;Silvio se acha manda ele    t     o      m   a   r  no    c    u   e vai você  tbm  ! 
;2;2;E enquanto este l o x o continua se amarrando na  cadeira de   presidente.  O Brasil contínua aí para o buraco. E os inúteis que deveriam tira lo de lá  estão tentando obstruir a lava jato !
;2;2;//  PEQUE  SUA  BENGALA  E  CAIA  FORA  POR  FAVOR  //  O  POVO  NÃO  AGUENTA  MAIS  //  BANDO  DE  SAQUEADORES  DA  NAÇÃO  //    
;4;5;//  OBS.  PEGUE  //  DESCULPA  PESSOAL  // 
;2;6;Por que não quer que pergunte sobre a gravação?!  Quem não deve não TEMER...
;3;2;Não entendo tamanha preocupação , se houve corte veremos a cobra morder o próprio, supostamente Joesley poupou outros envolvidos. Esse  homem frio e arrogante não enxerga que a máscara caiu, e que coleciona processos. 
;2;2;Este Temer é muito sujo e astuto.....sem moral para governar 
;2;2;Por incrícel q parece este drácula só esta por medo de alguns ficarem sem o BOLSA FAMÍLIA! Fora: Tremer!!! Fora: Lwla!!! Fora: Arécio!!! Fora: Tremer!!!
;2;2;Pessoal esquece o Temeroso não cai por esses áudios, e se brincar não cai por Impeachment, ele diferente de sua antecessora tem a maioria do congresso...
;4;4;Maioria? kkkkkkk
;2;2;Ele vampiro está com medo do restante do áudio. Esquecer o verme, nunca!  
;2;4;O sr.esta numa sinuca de bico.
;4;4;Todos estão apavorados.
;2;2;Presidente desprovido de vergonha na cara!
;2;4;O réu querer escolher as perguntas que lhe serão feitas.
;3;4;Isso por que tem o direito constitucional de "ficar calado", ou seja não responder e de não produzir provas contra ele mesmo. 
;2;6;Quem não deve, não teme ... r! .. rsrs
;4;4;Esta com medo!
;2;2;Impeachment já Urgente.Temer na Cadeia .
;2;4;Quem votou nele foram vocês, fica a dica
;3;2;Se o áudio foi manipulado por que ele não vem a público e nos diz o que foi cortado.  Se é mentira, por que ele não vem a público é diz o por que de ter ouvido o cara falar que tinha procuradores e juízes na mão dele e  não deu voz de prisão ao cara. Explique por que foi conivente.
;2;5;por que rejeitam meus comentarios??
;3;4;A Globo até que está imparcial esses dias, esqueceram o molusco por esses dias , em cada 10 postagens 9 era falando al do molusco. A estrategia era, se falar mal o Molusco cresce na pesquisa
;2;4;Ora por que? Porque é a Globo né, até hoje não aprendeu? 
;4;4;O cara quer ele mesmo fazer as perguntas ....
;2;2;Só no Brasil, vergonha nacional
;1;4;Se ele não responder sobre a delação da JBS, vai responder sobre o que???
;3;4;A investigação   é   sobre  a  delação  da  jbs .   Porque   tanto   Medo    tremer ? Kkkkk 
;3;4;Mas a defesa, que chegou a pedir suspensão do processo até a conclusão da perícia no áudio, e logo voltou atras retirando o pedido para que o processo prosseguisse, não entende que o áudio é frágil e será justamente o ponto forte para inocentar o Presidente??? Qual é o medo agora?
;3;5;Desculpa pela minha interpretaçao errada, viu Dr Manuelito. Reconheço
;3;4;A guerra deve ser do povo contra a classe política, que são todos sem exceção, ladrões da pior espécie. O povo deve permanecer unido. 
;2;4;No minimo né!!? Essa conspiração sera desmascarada!! Bolivarianos fora!!
;4;4;chega ser absurdo um comentário assim !!
;4;5;você é o BOZO ?
;2;4;O comentário faz juz ao fake.
;2;6;Tá com medo de quê? Quem não deve não tem o que TEMER! KKKKKKK KKKKKKK 
;2;4;Quem não deve não teme.... quem quer transparência e que não paire dúvida sobre a sua pessoa, esclarece logo a pendência...... caso contrário, dá a impressão de que é culpado mesmo....
;2;2;'Jus sperneandi' - fora Temer e Cia Ilimitada.
;3;4;Não tem que conceder mais nada, ou eles teem medo do que, a intenção é uma só : ganhar tempo.
;3;4;Discutem tudo menos a Falta de Legitimidade do Processo Eleitoral. VOTOIMPRESSO para Auditar/Recontar. 
;1;5;Maria Silvia Bastos é um bom nome para 2018. 
;4;5;Volta Jesus!!!!
;2;4;Ainda querem eleger um sucessor do PSDB, isso é brincadeira estão brincando com a nossa cara
;2;4;A 7Brasil vem aí gente... Lulalau deve de estar com os nervos em frangalhos : )
;2;4;Os mortadelas insistem em achar que defendemos esses caras. Votei no Aécio sim, não votaria de novo. Já os mortadelas, votaram na Dilm4 e nao se arrependem e quer ela ou o Lul4 de volta. Não enxergam. 
;2;4;não confunda ideologia de esquerda com baba ovo da direita
;3;4;Joca, querido, eu não votei no atual presidente, E SIM VOCÊS! Pare de ser burro!! Não existem provas contra o Lul4? O que acontece com vocês? Vocês são cegos? só pode ser. Não é possivel!!!!!!!!
;2;4;O Temer esta agonizando e já não esconde o desespero com suas manobras descaradas. Mas a queda é inevitável.
;2;4;Se o lulalau n quedou-se até agora, que dira o Presidente Temer. O Presidente Temer é um admirador ( tvz seguidor, em partes) do Dr. Ulysses Guimarães. Queda,  só se for de helicóptero ... 
;4;4;Nada a ver com a matéria, mas, esse tal de Carlos Marun embrulha o estômago.
;2;4;mais uma manobra do ali baba e os 500 ladrões
;2;2;ESSEVAGABUNDOTÁQUERENDOFAZERDONOSSSOBRASILUMASIRIA...MORTEAESSESJÁ...
;2;2;QUEMAPÓIALADRÃO...É????
;2;2;LADRÃOCOVÁRDEENTREGUISTA...
;2;2;ANACADÉLINHADOSMARINHOSDAGLOBONOCIODEFECANDOPELOSDEDOS..JÁDEUHOJE...ISSOSEALGUEQUIZERPORQUEDEVESER????
;2;2;A pergunta que não quer CALAR. Quando vão PRENDER o SAPO BARBUDO e sua QUERIDA. HEIN.
;2;4;A pergunta que não quer CALAR. Quem o SAPO BARBUDO vai escolher para ser seu ou sua vice quando ASSUMIR A PRESIDÊNCIA EM 2018....Será a QUERIDA?
;3;4;kkkkkkk.... ainda tem demente que não entendeu o golpe até hoje?  kkkkkkkkk.... Taí um eleitor de Sérgio Cabral, Aércio, Cunha, Renam, Collor, Sarney...etc, etc....  É filho, agora com os burgueses caindo voce vai ter que trabalhar, coisa que vc 
;4;4; e seu pais nunca fizeram na vida!
;4;4;o espermatozoide fecunda o ovulo, 9 meses depois nasce o humano, este vai para o jardim de infancia, depois vai para o grupo escolar, do grupo vai para o ginasio, este depois vai para o colegio,e depois. Vai para a faculdade, ai vem a escolha do curso podendo ser administraçao, engenharia ou direito por exemplo. pode ter frustraçao e mudança do curso. vem a formatura e a festa, comida e bebida as pampas e o conjunto musical tocando musicas da epoca. o primeiro emprego. e posteriormente o segundo emprego por exemplo atraves de concurso publico.
;4;4;bem e' normal que voce queira ter um negocio, entao voce compra 3 porquinhos por exemplo, coloca no chiqueiro e o engorda. e' claro que estes tres porquinhos, nao sao aqueles da literatura infantil, sao de verdade. e' tambem natural que voce espande o seu negocio e agora ja tem uma possilga que e' um local onde se cria muitos porcos.e' natural tambem diversificar o negocio agora comprando uns boizinhos. e ainda e' natural comprar ou montar um frigorifico.
;4;4;la na grecia antiga tinha a agora, uma praça onde o povo se reunia e colocava atraves de uma assembleia suas revindicaçoes. para isto utilizavam os sofistas expertes na oratoria e estes iam na tribuna instalada e espunha a revendicaçao ou a sugestai do cidadao para a assembleia la na praça para ser aprovado ou nao. bem hoje temos os politicos. que sao os representantes do povo, mais para se elegerem no congresso ou a presidente da republica eles gastam dinheiro
;3;2;FACCINMOSTREQUEVOCWNÃOÉCOVÁRDENEMCANÁLHAEQUENÃOESTÁEVOLIDONESSAGANGQUEASSOLAOBRASIL...OUOPAUPEGAPROTEULADO...
;2;2;E enquanto isso nosso país sangra, fora logo TEMER !
;3;5;Marvin Drake A palavra ridícula n lhe cabe, já que o sr desconhece minha procedência. E, indo além infelizmente eu n existia há 517 a. atrás ou teria uma frota de caravelas hiper moderna. : )
;3;5;Antonio Lima O luLla pegou a cama pronta (Gov FHC reestruturou as reservas internacionais, fez a reforma monetária, tirou o país da insolvência, abriu o mercado ao capital externo, liberou o cambio, modernizou o parque industrial, criou as agencias reguladoras e fez a reforma administrativa ETC).
;3;5; Mas que tem mais de 30 anos de idade e viveu adulto na época que os burgueses estavam no comando do País ja sabiam que essa gang do PSDB e PMDB é voraz por dinheiro e não estão nem aí para o povo. Por isso votaram na "menos ruim".
;2;4;Só no Brasil, que a justiça é submissa a políticos!
;3;2;Não concordo com esse tipo de defesa por escrito. Não quero aqui defender o tal magistrado, mas entendo a posição do juiz. Se nós já não aguentamos ter que ver a cara de sonso do velho babão Gargamel todos os dias nos noticiários, que dirá o Judiciário...
;4;5;Essa novela vai loooonge ainda estão no capítulo 101/ 2050.
;2;4;ABSURDO! Mais uma aberração jurídica de Fachin! Está provado que o aúdio foi editado, logo não serve de prova! O processo deve ser arquivado e Michel Temer inocentado! Janot e Fachin deveriam ser impichados pelos abusos cometidos!
;4;5;Tirso louco, deve ter cheirado umas carreiras antes de editar estas asneiras
;4;5;Kkkkkk... Esse Tirso é hilário! Acho que está sugerindo um roteiro para o Porta dos Fundos!!! Muito engraçado!!! Kkkkk...
;3;5;Estamos sem rumo, culpa de Cabral que errou o caminho das índias...
;2;2;Bando de juizeco mandado por um corja de politico corruptos. corruptos juizeco tudo pra cadeia
;2;2;vai você pra cadeia palhaço
;2;5;B/O/S/O/N/A/R/O/ NO SEGUNDO TURNO VAI MASSACRAR O SEU ADVERSARIO !! SE É QUE TERÁ !!! ACABOU ESQUERDAS HIPÓCRITAS !!! QUERO SABER DE QUEM ERÁ A CONTA NA SUIÇA DE 450 MILHÕES QUE O MANTEIGA OPERAVA PRO LULETE E DILMOCA ???? ESTA AI A GRANDE PROVA SEUS TRAIDORES DA PATRIA !! 
;2;4;O aercio já tá enrolado mesmo, agora esse temer é mais perigoso e deve continuar com fachin juntamente com seu testa de ferro loures que não vai arriscar sua vida e deve fazer delação.
;2;4;A pergunta que não quer CALAR. Quando vão PRENDER o SAPO BARBUDO e sua QUERIDA. HEIN.
;2;4;A pergunta que não quer CALAR. Quem o SAPO BARBUDO vai escolher para ser seu ou sua vice quando ASSUMIR A PRESIDÊNCIA EM 2018....Será a QUERIDA?
;2;4;kkkkkkk.... ainda tem demente que não entendeu o golpe até hoje?  kkkkkkkkk.... Taí um eleitor de Sérgio Cabral, Aércio, Cunha, Renam, Collor, Sarney...etc, etc....  É filho, agora com os burgueses caindo voce vai ter que trabalhar, coisa que vc 
;4;4; e seu pais nunca fizeram na vida!
;4;4;Oque os coxinhas farão coma aquelas camisetas que usavam com tanto orgulho, que tinha a celebre frase "A CULPA NÃO E MINHA VOTEI AÉCIO"???????????????
;4;4;Vc não sabe nem o significado de comunismo encéfalo...
;3;2;Que vergonha, meu Deus. Um presidente investigado. Ainda não paramos de piorar moralmente. E se não pararmos de piorar moralmente, não haverá melhora em nenhuma outra área.
;1;4;Eu pedi o impeachment da DiIma sim. Mas nao sou um bitoIado politico, hoje reconheço que fiz besteira. Olhem só o que este sujeito está fazendo com o país. Para compensar esta minha bobagem irei votar em LuIa o ano que vem que é o único que já fez algo pelo povo, verdade seja dita
;1;4;Eu não votarei!!
;1;2;Eu voto nulo só assim não darei meu voto a nenhum desses satanás.
;3;2;Os mortadelas insistem em achar que defendemos esses caras. Votei no Aécio sim, não votaria de novo. Já os mortadelas, votaram na Dilm4 e nao se arrependem e quer ela ou o Lul4 de volta. Não enxergam. 
;3;4;não confunda ideologia de esquerda com baba ovo da direita
;2;5;Joca, querido, eu não votei no atual presidente, E SIM VOCÊS! Pare de ser burro!! Não existem provas contra o Lul4? O que acontece com vocês? Vocês são cegos? só pode ser. Não é possivel!!!!!!!!
;2;5;Por escrito? Que absurdo é esse? Teria que ser interrogado ao vivo e o interrogatório deveria ser filmado. É cada uma no Brasil...
;4;5;ta na CF 88 ... certo ou errado ta lá... muda a carta magna
;4;5;TA MAIS PRA CARTA MAGDAAA"
;2;5;Quem fez mais papel de trouxa? Os paneleiros do mbl que seguiam o pato amarelo dedinho pra cima, ou aqueles revoltados online fã do alexandre frota junto ao ronaldo gordomeno que diziam "não tenho culpa votei no mineirinho" dedinho pra baixo 
;4;5;Volta barbudao e resolve as paradas tu é o cara de respeito mundial!!
;4;2;Quando a gente vê um cara vomitando um monte de asneiras aqui, pode ter certeza, ele vota no encantador de jegues!! A turma do treze é bem honesta, não é atoa que a turma foi toda presa, restaram apenas os encantadores de jegues!! Eta Brasil!!
;2;2;ABSURDO! Mais uma aberração jurídica de Fachin! Está provado que o aúdio foi editado, logo não serve de prova! O processo deve ser arquivado e Michel Temer inocentado! Janot e Fachin deveriam ser impichados pelos abusos cometidos!
;4;4;Tirso louco, deve ter cheirado umas carreiras antes de editar estas asneiras
;4;4;Kkkkkk... Esse Tirso é hilário! Acho que está sugerindo um roteiro para o Porta dos Fundos!!! Muito engraçado!!! Kkkkk...
;2;2;Primeiramente, FORATEMER, segundamente, FORADORIA (sp não será cinza, ACRACORESISTE). Os intelectuais já falaram, Caetano, Gil, Milton e Gadu puxaram o coro para mais de 1milhão de cariocas no domingo. Chegou a hora de dar o empurrão final no GOLPISTA/USURPADOR e depois tirar o Dória e o Crivella de suas respectivas prefeituras!! 
;4;5;Cleber "do you remeber me! "essa é uma frase de questionamento, portanto o pronome precede o verbo
;4;5;Cleo Socialista não é verbo" to be ", é verbo "to remember"
;2;2;Tem que mostrar ao vivo o desmascaramento desse bandido!! FORA TEMER!!!!!
;2;2;Ta de sacanagem, mais nesse pais ja nao duvido de mais nada.
;4;5;kkkkkkkkkkkkkkkkkkkkkkkkkkkkkkkkkk
;1;4;ACORDA  BRASIL
;4;5;Humberto da Silva Krelic.
;2;4;mentir e enganar faz parte do curriculum vitae de nossos políticos! 
;1;4;é muito atrevimento e falta de respeito da parte  do Edson Fachin, temer tem que colocar esse homem no lugar dele
;2;4;kkkkkkkkkkkkkkk os velhos estão ganhando ? ou perdendo . Você vai aposentar depois que voce morrer !!!
;2;4;se os velhos ganham, nos ganhamos também
;2;1;Não haverá aprovação de PEC alguma! O Presidente Temer chegará até 2018! Defeitos ele os tem, e muitos. Mas Tenacidade ao meu ver é qualidade. Economia melhorando é o melhor para o país.
;4;4;Algum comentarista lembra quando o Luladrom foi contra as Diretas já, ou vcs não estudam o passado politico dos seus idolos???
;2;4;Primeiro foi causado o caos pra dar um golpe de estado, agora está pior que em 2014. Porém melhor que o caos causado, ai me diz que melhora. Esta de brincadeira!!!
;4;4;Responder um interrogatório lendo as perguntas e respondendo em 24 h ?? É isso mesmo ?? Depois diz que perante a lei todos somos iguais !! Na minha opinião própria,esse supremo tribunal federal acovardou....e já faz tempo... 
;2;2;Dois pesos e duas medidas. Sempre os criminosos de colarinho branco tem suas vantagens. Vergonha.
;2;4;Bem, em breve esse método será aperfeiçoado e será possível (ou melhor, justo) pedir a ajuda dos universitários ou pular a pergunta. Não há do que se preocupar, o sistema vai melhorar... para quem interessa.
;2;4;Quero ver LuIa e sua quadrilha presos, sem mais.
;2;2;Falta pouco! Mesmo com o pessoal red da alta cúpula tentando limpar o caminho ( falcatruas/roubos/etc), ele será preso!! 
;2;4;Eu também estou esperando ele ser "preso" desde 1989...... zzzzzzzzzzz....... olha, não se desesperem, uma hora da certo ......zzzzzzzzz.
;4;4;Interrogatório não pode ser por escrito. Interrogatório é pessoal. O interrogando se senta diante do policial e deve responder ao que lhe for perguntado, podendo se calar. Pergunta tipo: "E, aí, malandro, vc pegou as galinhas?" 
;1;4;Isso vão até os STF e façam essa reivindicação!
;2;4;Foro privilegiado é isso aí!
;2;5;Povão. A crise tá brava. E eu tenho a solução. Sou muito sabidão e sei resolver isso. A solução é: LulaPresidente. Vamos de Lulo. 2018 é Lulalá. 
;2;2;A R R O M B A D O
;4;5;Entendido !!!!! ?????? Não entendi ?
;4;2;Diretas já ! ....PEC serve para que ? Só para tungar os nossos direitos . No começo do mês, o TSE cassou os mandatos do Governador e vice do Amazonas e convocou Diretas... ..
;3;4;Vai ter o que o Congresso decidir, dando tempo hábil ao TSE... Há menos de um mês o TSE mandou fazer diretas no Amazonas. 
;2;5;Não é bem assim Horacio. 
;2;4;Interrogar para que, se a resposta todos já sabemos " eu não sei de nada", ou o militante vai dizer que foi a Marcela a responsável, o delinquente L4la já deu o caminho das pedras !! 
;1;4;Sou cidadão ficha limpa, não quero suja-la sendo cúmplice de corruptos  !!!
;2;4;Não existe democracia onde impera a corrupção, a injustiça, a mentira, a impunidade e a hipocrisia.
;2;4;No fim não dará em nada, Brasil, um país de tolos e corruptos!!!
;1;4;Linguagem informal...Elias Pereira...dá um desconto ai vai...
;2;4;Mal sabe...é o certo.  O roto falando do esfarrapado...
;3;4;Um conselho para aqueles que dizem que é golpe o governo atual, ano que vem quando for votar preste atenção em quem será o vice do candidato escolhido, sei que não será tarefa fácil votar mas vale ressaltar esse detalhe!
;3;4;PERFEITO!!! TODO DETALHE DEVE SER OBSERVADO DAQUI PRA FRENTE QUANDO VOTARMOS!!! PRECISAMOS APRENDER DE UMA VEZ POR TODAS A NÃO CONFIARMOS NUNCA MAIS EM CANALHAS!!!
;1;4;Igor Gomes voce lembra o nome do vice prefeito que voce votou na ultima eleição?
;1;4;Eu acho que essa P.F já esta passando dos limites!! Junto com essa PGR, o cara ja vai sair em 2018 jah..! Na minha visão ele esta fazendo um excelente trabalho, ta certo que temos que combater a corrupção mais tem que ser respeitado o direito de defesa dos investigados.
;2;4;Até o final de 2018 já não tem mais nada pra ele roubar, operação alguma para parar e direito algum pra tirar, tudo já vai ter ido de ralo,  e os ricos vão estar cada vez mais ricos, um excelente trabalho, missão cumprida. Troféu Joinha pra você.
;4;4;O sobrenome já é indicativo de algo...
;2;2;Os políticos adoram quando nós dividimos em mortadelas e coxinhas pois um povo dividido é mais fácil de corromper . A verdade é que o sistema não funciona. Precisamos do fim do foro privilegiado. Licitações limpas. E campanhas justas com homens honestos que queiram sim o salário e as mordomias mas também trabalhar para melhorar a vida de todos. 
;4;5;Falou tudo Ricardo.
;1;1;Fica temer
;2;5;Fica na cadeia 
;2;5;Fica na Cadeia
;2;4;Falta de carater na Politica, falta moralidade, falta transparencia, comprometimento com o povo, falta trabalho, falta L u l @ !!! Somos Brasil e estamos junto com o Pai dos Pobres em 2018, pro Brasil voltar aos trilhos do crescimento e distribuição de renda !!! Lamentavel...
;4;5;nhonho  peteba  
;3;5;Angelo, quanto que estão te pagando para fazer esses comentários esdrúxulos?
;3;4;FUI FAZER A REINTEGRAÇÃO DE POSSE JUDICIAL DE UMA CASA ANTIGA PARA DEMOLIÇÃO E CONSTRUÇÃO DE PRÉDIO DE APARTAMENTOS, HAVIA SOFRIDO INVASÃO DA PETEZADA MORTA DE FOME... FORAM 03 ANOS PARA TIRAR OS PARASITAS QUE DEIXARAM NO LOCAL UM CAMINHÃO DE GARRAFAS VAZIAS DE CERVEJAS... PARA SE ENTUBAR DE CERVEJA ELES TÊM DINHEIRO, MAS PARA CONSTRUIR UM BARRACO NA PERIFERIA NÃO... SAÍRAM DE LÁ COM UMA MÃO NA FRENTE E OUTRA ATRÁS
;2;2;É vero. O P.T e seus discípulos são o câncer do Brasil.
;2;5;Renata Maia procure carinho no terminal inferior do seu tubo digestivo... É o que você precisa
;1;4;É uma vergonha a policia federal interrogar um Presidente da Republica, esse ministro tem alguma coisa contra o Temer. Quando os Petralhas estavam roubando com a sua quadrilha no governo nenhum ministro autorizava isso, por que será?
;2;2;Idiota!!!
